{
  "otel-v1-apm-span-000001" : {
    "mappings" : {
      "dynamic_templates" : [
        {
          "strings_as_keyword" : {
            "match_mapping_type" : "string",
            "mapping" : {
              "ignore_above" : 1024,
              "type" : "keyword"
            }
          }
        }
      ],
      "date_detection" : false,
      "properties" : {
        "attributes" : {
          "properties" : {
            "component" : {
              "type" : "keyword",
              "ignore_above" : 1024
            },
            "db" : {
              "properties" : {
                "instance" : {
                  "type" : "keyword",
                  "ignore_above" : 1024
                },
                "statement" : {
                  "type" : "keyword",
                  "ignore_above" : 1024
                },
                "type" : {
                  "type" : "keyword",
                  "ignore_above" : 1024
                },
                "user" : {
                  "type" : "keyword",
                  "ignore_above" : 1024
                }
              }
            },
            "dispatcher" : {
              "properties" : {
                "target" : {
                  "type" : "keyword",
                  "ignore_above" : 1024
                }
              }
            },
            "host" : {
              "properties" : {
                "port" : {
                  "type" : "long"
                }
              }
            },
            "http" : {
              "properties" : {
                "client_ip" : {
                  "type" : "keyword",
                  "ignore_above" : 1024
                },
                "flavor" : {
                  "type" : "keyword",
                  "ignore_above" : 1024
                },
                "host" : {
                  "type" : "keyword",
                  "ignore_above" : 1024
                },
                "method" : {
                  "type" : "keyword",
                  "ignore_above" : 1024
                },
                "response_content_length" : {
                  "type" : "long"
                },
                "route" : {
                  "type" : "keyword",
                  "ignore_above" : 1024
                },
                "scheme" : {
                  "type" : "keyword",
                  "ignore_above" : 1024
                },
                "server_name" : {
                  "type" : "keyword",
                  "ignore_above" : 1024
                },
                "status_code" : {
                  "type" : "long"
                },
                "status_text" : {
                  "type" : "keyword",
                  "ignore_above" : 1024
                },
                "target" : {
                  "type" : "keyword",
                  "ignore_above" : 1024
                },
                "url" : {
                  "type" : "keyword",
                  "ignore_above" : 1024
                },
                "user_agent" : {
                  "type" : "keyword",
                  "ignore_above" : 1024
                }
              }
            },
            "net" : {
              "properties" : {
                "peer" : {
                  "properties" : {
                    "ip" : {
                      "type" : "keyword",
                      "ignore_above" : 1024
                    },
                    "name" : {
                      "type" : "keyword",
                      "ignore_above" : 1024
                    },
                    "port" : {
                      "type" : "long"
                    }
                  }
                }
              }
            },
            "servlet" : {
              "properties" : {
                "context" : {
                  "type" : "keyword",
                  "ignore_above" : 1024
                },
                "path" : {
                  "type" : "keyword",
                  "ignore_above" : 1024
                }
              }
            }
          }
        },
        "attributes_component" : {
          "type" : "keyword",
          "ignore_above" : 1024
        },
        "attributes_db" : {
          "properties" : {
            "instance" : {
              "type" : "keyword",
              "ignore_above" : 1024
            },
            "statement" : {
              "type" : "keyword",
              "ignore_above" : 1024
            },
            "type" : {
              "type" : "keyword",
              "ignore_above" : 1024
            },
            "user" : {
              "type" : "keyword",
              "ignore_above" : 1024
            }
          }
        },
        "attributes_host" : {
          "properties" : {
            "port" : {
              "type" : "long"
            }
          }
        },
        "attributes_http" : {
          "properties" : {
            "client_ip" : {
              "type" : "keyword",
              "ignore_above" : 1024
            },
            "flavor" : {
              "type" : "keyword",
              "ignore_above" : 1024
            },
            "host" : {
              "type" : "keyword",
              "ignore_above" : 1024
            },
            "method" : {
              "type" : "keyword",
              "ignore_above" : 1024
            },
            "response_content_length" : {
              "type" : "long"
            },
            "route" : {
              "type" : "keyword",
              "ignore_above" : 1024
            },
            "scheme" : {
              "type" : "keyword",
              "ignore_above" : 1024
            },
            "server_name" : {
              "type" : "keyword",
              "ignore_above" : 1024
            },
            "status_code" : {
              "type" : "long"
            },
            "status_text" : {
              "type" : "keyword",
              "ignore_above" : 1024
            },
            "target" : {
              "type" : "keyword",
              "ignore_above" : 1024
            },
            "url" : {
              "type" : "keyword",
              "ignore_above" : 1024
            },
            "user_agent" : {
              "type" : "keyword",
              "ignore_above" : 1024
            }
          }
        },
        "attributes_net" : {
          "properties" : {
            "peer" : {
              "properties" : {
                "ip" : {
                  "type" : "keyword",
                  "ignore_above" : 1024
                },
                "name" : {
                  "type" : "keyword",
                  "ignore_above" : 1024
                },
                "port" : {
                  "type" : "long"
                }
              }
            }
          }
        },
        "attributes_servlet" : {
          "properties" : {
            "context" : {
              "type" : "keyword",
              "ignore_above" : 1024
            },
            "path" : {
              "type" : "keyword",
              "ignore_above" : 1024
            }
          }
        },
        "durationInNanos" : {
          "type" : "long"
        },
        "endTime" : {
          "type" : "date_nanos"
        },
        "events" : {
          "properties" : {
            "attributes" : {
              "properties" : {
                "key" : {
                  "type" : "keyword",
                  "ignore_above" : 1024
                },
                "value" : {
                  "properties" : {
                    "stringValue" : {
                      "type" : "keyword",
                      "ignore_above" : 1024
                    }
                  }
                }
              }
            },
            "name" : {
              "type" : "keyword",
              "ignore_above" : 1024
            },
            "timeUnixNano" : {
              "type" : "keyword",
              "ignore_above" : 1024
            }
          }
        },
        "kind" : {
          "type" : "keyword",
          "ignore_above" : 1024
        },
        "name" : {
          "type" : "keyword",
          "ignore_above" : 1024
        },
        "parentSpanId" : {
          "type" : "keyword",
          "ignore_above" : 1024
        },
        "resource" : {
          "properties" : {
            "attributes" : {
              "properties" : {
                "host" : {
                  "properties" : {
                    "hostname" : {
                      "type" : "keyword",
                      "ignore_above" : 1024
                    }
                  }
                },
                "service" : {
                  "properties" : {
                    "info" : {
                      "type" : "keyword",
                      "ignore_above" : 1024
                    },
                    "instance" : {
                      "properties" : {
                        "id" : {
                          "type" : "keyword",
                          "ignore_above" : 1024
                        }
                      }
                    },
                    "name" : {
                      "type" : "keyword",
                      "ignore_above" : 1024
                    }
                  }
                },
                "telemetry" : {
                  "properties" : {
                    "sdk" : {
                      "properties" : {
                        "language" : {
                          "type" : "keyword",
                          "ignore_above" : 1024
                        },
                        "name" : {
                          "type" : "keyword",
                          "ignore_above" : 1024
                        },
                        "version" : {
                          "type" : "keyword",
                          "ignore_above" : 1024
                        }
                      }
                    }
                  }
                }
              }
            }
          }
        },
        "spanId" : {
          "type" : "keyword",
          "ignore_above" : 1024
        },
        "startTime" : {
          "type" : "date_nanos"
        },
        "status" : {
          "properties" : {
            "code" : {
              "type" : "keyword",
              "ignore_above" : 1024
            },
            "message" : {
              "type" : "keyword",
              "ignore_above" : 1024
            }
          }
        },
        "traceId" : {
          "type" : "keyword",
          "ignore_above" : 1024
        }
      }
    }
  }
}

